{
  "YTD": {
    "performance": -0.07787562337327547,
    "volatility": 0.15326793417946194,
    "annualized_return": -0.28573983302003647,
    "max_drawdown": -0.11403822688713239
  },
  "3M": {
    "performance": -0.06874388765044515,
    "volatility": 0.1536571580199373,
    "annualized_return": -0.2510165096909581,
    "max_drawdown": -0.11403822688713239
  },
  "6M": {
    "performance": 0.0062275889226197645,
    "volatility": 0.13411188087573728,
    "annualized_return": 0.01253713363220843,
    "max_drawdown": -0.11403822688713239
  },
  "1Y": {
    "performance": 0.06639995574951163,
    "volatility": 0.13936357512205527,
    "annualized_return": 0.06682498173962714,
    "max_drawdown": -0.11403822688713239
  },
  "3Y": {
    "performance": 0.06639995574951163,
    "volatility": 0.13936357512205527,
    "annualized_return": 0.06682498173962714,
    "max_drawdown": -0.11403822688713239
  }
}